dataset_id,dataset_name,total_citations,cumulative_citations,high_confidence_citations,avg_confidence,total_citation_impact,max_single_citation_impact,citation_years_list
ds000117,"Multisubject, multimodal face processing",78,2305,72,0.5598948418328331,2242,522.0,"[2022, 2018, 2018, 2017, 2019, 2023, 2019, 2018, 2022, 2023, 2021, 2017, 2023, 2018, 2021, 2021, 2021, 2019, 2018, 2024, 0, 2020, 2023, 2018, 2025, 2018, 2023, 2021, 2023, 2025, 2024, 2019, 2022, 2023, 2017, 2021, 2022, 2021, 2020, 2018, 2021, 2022, 2023, 2025, 2019, 2018, 2022, 2024, 2020, 2019, 2019, 2025, 2022, 0, 2025, 2022, 2021, 2024, 2022, 2025, 2022, 2019, 2018, 2020, 2024, 2015, 2018, 2020, 2021, 2020, 0, 2018]"
ds005342,EEG data offline and online during motor imagery for standing and sitting,1,1364,0,,0,,[]
ds002778,UC San Diego Resting State EEG Data from Patients with Parkinson's Disease,48,568,47,0.6520781181657568,559,98.0,"[2024, 2021, 2025, 2024, 2023, 2024, 2023, 2022, 2024, 2024, 2022, 0, 2022, 2023, 2021, 2023, 2022, 2024, 2025, 2021, 2025, 2021, 2024, 2021, 2024, 2025, 2023, 2024, 2024, 2024, 2024, 2022, 2022, 2023, 2021, 2024, 2024, 2024, 2024, 2025, 2022, 2023, 2025, 2023, 2023, 2024, 2024]"
ds004504,"A dataset of EEG recordings from: Alzheimer's disease, Frontotemporal dementia and Healthy subjects",78,481,72,0.6982039680062896,478,103.0,"[2023, 2025, 2023, 2024, 2024, 2025, 2023, 2025, 2024, 2024, 2024, 0, 2024, 2024, 2025, 2024, 2024, 2025, 2025, 2024, 2024, 2024, 2024, 2024, 2024, 2024, 2024, 2025, 2025, 2024, 2024, 2024, 2023, 2023, 2024, 2025, 2024, 2023, 2024, 2023, 2025, 2024, 2023, 2025, 2025, 2024, 2024, 2024, 0, 2024, 2024, 2024, 2024, 2023, 2024, 2024, 2023, 2024, 2025, 2025, 0, 2024, 2024, 0, 2024, 2025, 2025, 2025, 2025, 2023, 2024, 2024]"
ds005516,Healthy Brain Network (HBN) EEG - Release 11,70,410,0,,0,,[]
ds002094,Single-pulse open-loop TMS-EEG dataset,30,353,7,0.6391532163534847,52,24.0,"[2024, 2022, 2023, 2019, 2021, 0, 2007]"
ds003029,Epilepsy-iEEG-Multicenter-Dataset,23,308,20,0.6501608037650586,299,139.0,"[2024, 0, 2025, 2023, 2023, 2025, 2023, 2022, 2021, 2019, 2024, 0, 2024, 2024, 2022, 2021, 2022, 2025, 2023, 2024]"
ds002680,Go-nogo categorization and detection task,6,305,1,0.6766300392150879,2,2.0,[2023]
ds002718,Face processing EEG dataset for EEGLAB,13,279,12,0.6283401366695762,279,189.0,"[2021, 2022, 2023, 2023, 2023, 2025, 2021, 2024, 2022, 2023, 0, 2023]"
ds000247,MEG-BIDS OMEGA RestingState_sample,3,186,3,0.6484360713263353,186,123.0,"[2019, 2018, 2023]"
ds003061,EEG data from an auditory oddball task,5,180,5,0.5372589604854584,180,173.0,"[2023, 2023, 2025, 2023, 2023]"
ds003478,EEG: Depression rest,33,159,32,0.6114165267907085,159,67.0,"[2025, 0, 2023, 2025, 2023, 2023, 2025, 2024, 2024, 2025, 2025, 2022, 2025, 2022, 2024, 2024, 2023, 2025, 2024, 0, 2022, 2024, 2024, 2022, 2024, 2023, 2021, 2025, 2021, 2025, 2024, 2024]"
ds003626,Inner Speech,7,151,7,0.7016958080870765,151,105.0,"[2025, 0, 2022, 2022, 0, 2023, 2023]"
ds003498,interictal iEEG during slow-wave sleep with HFO markings,5,149,4,0.6664377837628127,149,130.0,"[2021, 2024, 2022, 2021]"
ds004212,THINGS-MEG,4,141,4,0.7570952481776477,141,137.0,"[2025, 2023, 2025, 2025]"
ds000248, ,4,133,4,0.6638184447586537,133,123.0,"[2021, 2018, 2018, 2018]"
ds001784,Effects of ON/OFF deep brain stimulation on cognitive control in treatment-resistant depression (EEG),1,124,1,0.7711449503898621,124,124.0,[2019]
ds000246,MEG-BIDS Brainstorm data sample,1,123,1,0.6995742082595826,123,123.0,[2018]
ds002338,A multi-modal human neuroimaging dataset for data integration: simultaneous EEG and fMRI acquisition during a motor imagery neurofeedback task: XP2,12,113,12,0.7630473521972696,113,36.0,"[2024, 2021, 2020, 2024, 2018, 2020, 2020, 2019, 2023, 2022, 2024, 2021]"
ds004100,HUP iEEG Epilepsy Dataset,24,107,23,0.7005145465031914,106,63.0,"[2025, 2025, 2025, 2024, 2023, 2024, 2025, 2023, 2024, 2025, 2024, 0, 2024, 2024, 2024, 2024, 2023, 2024, 2025, 2024, 2024, 2023, 2024]"
ds003078,PROBE iEEG,1,89,1,0.4288115501403809,89,89.0,[2020]
ds002761,memoryreplay,1,86,1,0.5966068562865258,86,86.0,[2020]
ds002799,Human es-fMRI Resource: Concurrent deep-brain stimulation and whole-brain functional MRI,11,86,11,0.6402810055017472,86,33.0,"[2025, 2023, 2023, 2023, 2024, 2020, 2022, 2021, 2021, 2024, 2020]"
ds001787,EEG meditation study,9,79,8,0.6141321950033307,75,61.0,"[2023, 2022, 2023, 2024, 2025, 2024, 2020, 0]"
ds003620,Runabout: A mobile EEG study of auditory oddball processing in laboratory and real-world conditions,4,79,4,0.6796054838597775,79,49.0,"[2022, 2021, 2021, 2023]"
ds005095,STERNBERG DIFFICULT,7,75,1,0.4833854752779007,0,0.0,[2024]
ds003751,Dataset on Emotion with Naturalistic Stimuli (DENS),7,69,7,0.7082549746334554,69,21.0,"[0, 2024, 2023, 2021, 2021, 2022, 2022]"
ds003825,"Human electroencephalography recordings from 50 subjects for 22,248 images from 1,854 object concepts",3,69,3,0.7624135759472848,69,68.0,"[2022, 2021, 2025]"
ds003768,Simultaneous EEG and fMRI signals during sleep from humans,21,67,17,0.5848127481779632,52,17.0,"[2022, 0, 2023, 0, 2024, 2023, 0, 2024, 2024, 2024, 2024, 0, 2024, 2025, 2024, 2024, 2022]"
ds003082,Auditory Cortex Mapping Dataset,5,63,4,0.6157659818977118,14,9.0,"[2021, 2023, 2021, 2021]"
ds004078,A synchronized multimodal neuroimaging dataset to study brain language processing,6,62,6,0.6493284130096437,62,26.0,"[2022, 2022, 2024, 2025, 2025, 2023]"
ds002336,A multi-modal human neuroimaging dataset for data integration: simultaneous EEG and fMRI acquisition during a motor imagery neurofeedback task: XP1,5,61,5,0.7469097020626069,61,40.0,"[2023, 2020, 2025, 2019, 2022]"
ds003574,Reward biases spontaneous neural reactivation during sleep,2,59,2,0.7112383100390435,59,59.0,"[2021, 0]"
ds002158,Disentangling the origins of confidence in speeded perceptual judgments through multimodal imaging,1,58,1,0.9614397203922272,58,58.0,[2020]
ds002814,A Multimodal Neuroimaging Dataset to Study Spatiotemporal Dynamics of Visual Processing in Humans,4,57,4,0.6691545447707178,57,52.0,"[2022, 2021, 2022, 2022]"
ds003555,Dataset of EEG recordings of pediatric patients with epilepsy based on the 10-20 system ,10,57,9,0.6903464722467794,57,26.0,"[2022, 2023, 2021, 2022, 2022, 2025, 2023, 2023, 0]"
ds003505,VEPCON: Source imaging of high-density visual evoked potentials with multi-scale brain parcellations and connectomes,6,55,6,0.6978503310183686,55,28.0,"[2022, 2024, 2024, 2022, 2024, 2022]"
ds001785,Evidence accumulation relates to perceptual consciousness and monitoring,2,54,2,0.6166135641932489,54,54.0,"[2021, 2024]"
ds004148,A test-retest resting and cognitive state EEG dataset,14,53,14,0.6336864975307669,53,23.0,"[2024, 2024, 2024, 2024, 2024, 2025, 2022, 2022, 2025, 2024, 2023, 0, 0, 2024]"
ds003039,free walking study,2,51,2,0.6089000782370568,51,46.0,"[2021, 2022]"
ds002893,Auditory-Visual Shift Study,1,49,0,,0,,[]
ds002578,Visual Oddball Task (256 channels),1,49,0,,0,,[]
ds003004,Imagined Emotion Study,8,49,8,0.5778305130265654,49,21.0,"[2021, 2025, 2023, 0, 2021, 2022, 2023, 0]"
ds002721,An EEG dataset recorded during affective music listening,5,46,5,0.7069064501523973,46,25.0,"[2024, 2020, 2023, 0, 0]"
ds003876,Epilepsy-iEEG-Interictal-Multicenter-Dataset,3,44,3,0.7472868987917901,44,28.0,"[2023, 2022, 2023]"
ds001971,Audiocue walking study,2,42,2,0.7509132623672485,42,26.0,"[2019, 2019]"
ds003352, ,4,40,4,0.4992234851047397,40,19.0,"[2022, 2021, 2020, 2022]"
ds003516,EEG: Attended Speaker Paradigm (Own Name in Ignored Stream),3,38,3,0.6310553646087648,38,33.0,"[2024, 2022, 2021]"
ds003838,"EEG, pupillometry, ECG and photoplethysmography, and behavioral data in the digit span task and rest",7,38,7,0.7644799969877517,38,15.0,"[2022, 2023, 2023, 2023, 2023, 2024, 0]"
ds004080,CCEP ECoG dataset across age 4-51,3,38,3,0.5676133355498315,38,35.0,"[2023, 2024, 2024]"
ds003688,Open multimodal iEEG-fMRI dataset from naturalistic stimulation with a short audiovisual film,11,37,10,0.5833205206096174,37,34.0,"[2024, 2022, 2024, 2025, 2024, 2024, 2024, 2025, 2025, 2024]"
ds003682,Model-based aversive learning in humans is supported by preferential task state reactivation,2,35,2,0.6596935904771091,35,35.0,"[2021, 2025]"
ds001849,RS_TMSEEG_Data,1,35,1,0.6296004518866539,35,35.0,[2020]
ds003846,Prediction Error,5,34,5,0.5746443128585816,34,27.0,"[2024, 2022, 2024, 2022, 0]"
ds003645,Face processing MEEG dataset with HED annotation,3,32,3,0.6562688546379408,32,20.0,"[2021, 0, 2022]"
ds003694,MEGMEM,1,30,1,0.4266162729263306,30,30.0,[2021]
ds004395,Penn Electrophysiology of Encoding and Retrieval Study (PEERS),8,29,8,0.6255630745738745,29,13.0,"[2024, 2024, 2024, 0, 0, 0, 2024, 2024]"
ds003774,Music Listening- Genre EEG dataset (MUSIN-G),8,29,8,0.7516482017561794,29,12.0,"[2021, 2022, 2023, 2024, 2023, 0, 0, 2024]"
ds002722,A dataset recorded during development of an affective brain-computer music interface: calibration session,3,28,3,0.791018952926,28,24.0,"[2020, 0, 2019]"
ds003194,Neuroepo multisession,3,27,3,0.819683076143265,27,14.0,"[2021, 0, 2022]"
ds003195,Placebo Neuroepo multisession,3,27,3,0.8160670467217764,27,14.0,"[2021, 0, 2022]"
ds003801,Neural Tracking to go,2,26,2,0.7766648867726327,26,21.0,"[2022, 2021]"
ds003655,VerbalWorkingMemory,5,26,5,0.5968682056963444,26,15.0,"[2021, 2023, 2021, 0, 2024]"
ds002725,A dataset recording joint EEG-fMRI during affective music listening ,3,25,3,0.7329203540086747,25,25.0,"[2020, 0, 2024]"
ds003374,Dataset of neurons and intracranial EEG from human amygdala during aversive dynamic visual stimulation,4,25,4,0.7630389968678356,25,11.0,"[2021, 2022, 2021, 0]"
ds004902,A Resting-state EEG Dataset for Sleep Deprivation,9,25,9,0.6421019328468376,25,17.0,"[2024, 2025, 2025, 2024, 2025, 2025, 0, 2024, 2025]"
ds003702,Social Memory cuing,4,24,3,0.72020181119442,24,16.0,"[2022, 2022, 0]"
ds004000,Fribourg Ultimatum Game in Schizophrenia Study,9,24,8,0.6344233230873944,21,8.0,"[2024, 2025, 2022, 2024, 2024, 2023, 2023, 2022]"
ds002720,A  dataset  recorded  during  development  of a  tempo-based  brain-computer  music  interface,2,24,2,0.6916236667335034,24,24.0,"[2020, 0]"
ds002723,A dataset recorded during development of an affective brain-computer music interface: testing session,2,24,2,0.7790209640562535,24,24.0,"[2020, 0]"
ds002724,A dataset recorded during development of an affective brain-computer music interface: training sessions,2,24,2,0.7796460831165315,24,24.0,"[2020, 0]"
ds003670,"Dataset of Concurrent EEG, ECG, and Behavior with Multiple Doses of transcranial Electrical Stimulation - BIDS",7,22,7,0.6466064874189242,22,18.0,"[2023, 2022, 2021, 2025, 2023, 0, 0]"
ds003775,SRM Resting-state EEG,12,22,11,0.5472507792711259,22,15.0,"[2022, 2024, 2024, 2024, 2024, 2025, 2024, 2024, 0, 2025, 2023]"
ds002885,DBS Phantom Recordings,1,21,1,0.7872309663891793,21,21.0,[2020]
ds003638,"EEG: Electrophysiological biomarkers of behavioral dimensions 
from cross-species paradigms",1,21,1,0.7258140796422959,21,21.0,[2021]
ds001810,"EEG study of the attentional blink; before, during, and after transcranial Direct Current Stimulation (tDCS)",6,21,6,0.7215920462956033,21,9.0,"[2022, 2021, 2021, 2024, 0, 2023]"
ds004015,Attended speaker paradigm (cEEGrid data),3,20,3,0.6032128819823266,20,20.0,"[2023, 2024, 2022]"
ds002034,Real-time EEG feedback on alpha power lateralization leads to behavioral improvements in a covert attention task,7,20,3,0.681222281754017,20,12.0,"[2022, 2020, 2021]"
ds003190,Assesment of the visual stimuli properties in P300 paradigm,4,20,3,0.597798836529255,20,12.0,"[2021, 2020, 0]"
ds003474,EEG: Probabilistic Selection and Depression,9,19,9,0.5925474455455939,19,8.0,"[2024, 2025, 2025, 2021, 2021, 2024, 2024, 0, 2021]"
ds003420,HD-EEGtask(Dataset 1),3,19,3,0.5830710001289845,19,19.0,"[2021, 2025, 0]"
ds003739,Perturbed beam-walking task,5,19,5,0.5767407481670381,19,12.0,"[2022, 2021, 2024, 2022, 0]"
ds004330,"The spatiotemporal neural dynamics of object recognition for natural images and line drawings (MEG)
",2,18,2,0.7159660363197327,18,18.0,"[2025, 2023]"
ds003947,EEG: First Episode Psychosis vs. Control Resting Task 2,8,17,8,0.5965115899778903,17,8.0,"[2024, 2024, 2024, 2025, 2024, 2024, 2023, 2022]"
ds003690,"EEG, ECG and pupil data from young and older adults: rest and auditory cued reaction time tasks",6,17,6,0.6124844779322546,17,10.0,"[2022, 2024, 2024, 2025, 0, 0]"
ds004357,Features-EEG,3,17,3,0.6577269363403321,17,13.0,"[2025, 2024, 2024]"
ds003421,HD-EEGtask(Dataset 2),3,17,3,0.6785725006461144,17,17.0,"[2024, 2021, 2024]"
ds004215,ds004215,11,17,11,0.5681586971608076,17,11.0,"[2023, 2024, 2024, 2024, 2022, 2024, 2024, 2024, 2023, 0, 0]"
ds004563,Vicarious touch: overlapping neural patterns between seeing and feeling touch,2,16,2,0.694364568591118,16,16.0,"[2023, 0]"
ds003987,EEG: Amphetamine trials 5CCPT and Probabilistic Learning,1,16,1,0.6917323458194734,16,16.0,[2022]
ds003490,EEG: 3-Stim Auditory Oddball and Rest in Parkinson's,4,16,4,0.6777160088717937,16,8.0,"[2024, 2021, 2024, 2022]"
ds004194,Visual ECoG dataset,4,16,4,0.7111031475663185,16,13.0,"[2022, 2023, 2023, 2024]"
ds004602,Registered Replication Report of ERN/Pe Psychometrics,6,15,6,0.7297016475598018,15,12.0,"[2024, 0, 2024, 2023, 0, 0]"
ds006018,Cognitive Electrophysiology in Socioeconomic Context in Adulthood: An EEG dataset,1,14,0,,0,,[]
ds002691,Internal attention study,2,14,2,0.5074654729664326,14,14.0,"[2022, 2024]"
ds004306,EEG Semantic Imagination and Perception Dataset,2,14,2,0.8047090230882169,14,14.0,"[2023, 2025]"
ds004362,EEG Motor Movement/Imagery Dataset,3,14,3,0.6451119405031205,14,13.0,"[2025, 2023, 2025]"
ds003703,Frequency Tagging of Syntactic Structure or Lexical Properties,1,14,1,0.7795680803060532,14,14.0,[2022]
ds004588,Neuma,2,14,2,0.6458574387431145,14,14.0,"[2023, 0]"
ds002001,ds002001,4,14,0,,0,,[]
ds005697,PerceiveImagine,3,13,1,0.4341207832098007,10,10.0,[2012]
ds004796,"A Polish Electroencephalography, Alzheimerâ€™s Risk-genes, Lifestyle and Neuroimaging (PEARL-Neuro) Database",4,12,3,0.7833502200245858,12,10.0,"[2025, 2024, 2025]"
ds003509,EEG: Simon Conflict in Parkinson's,7,12,7,0.6957247635296414,12,7.0,"[2024, 2024, 2025, 2022, 2024, 2022, 0]"
ds003969,Meditation vs thinking task,3,12,3,0.6167802569270134,12,9.0,"[2024, 2024, 2023]"
ds004033,Electrode walking study,2,12,2,0.7900805997848511,12,8.0,"[2023, 2022]"
ds004043,The time-course of feature-based attention effects dissociated from temporal expectation and target-related processes,1,12,1,0.9120499759912492,12,12.0,[2022]
ds004561,Illusion of Agency over Electrically-Actuated Movements,3,12,3,0.6734913325309754,12,12.0,"[2023, 2025, 2023]"
ds004584,Rest eyes open,5,12,4,0.5947496774420142,12,12.0,"[2025, 2024, 2025, 2025]"
ds004883,Registerd Report of ERN During Three Versions of a Flanker Task,4,11,4,0.8569365130364895,11,9.0,"[2025, 2025, 2024, 0]"
ds003565,EEG: verbal working memory,3,10,3,0.6552733604113262,10,8.0,"[2021, 2021, 0]"
ds003568,Mood induction in MDD and healthy adolescents,4,10,3,0.4693656043708324,10,10.0,"[2025, 2024, 2023]"
ds003848,Dataset Clinical Epilepsy iEEG to BIDS - RESPect_longterm_iEEG,1,10,1,0.8713562500476838,10,10.0,[2022]
ds004625,Mind in Motion Young Adults Walking Over Uneven Terrain,2,9,2,0.7555593010783196,9,9.0,"[2025, 2024]"
ds002181,CRYPTO and PROVIDE EEG Baseline Data,1,9,1,0.6392041012644768,9,9.0,[2021]
ds003517,EEG: Continuous gameplay of an 8-bit style video game,5,8,5,0.6465347810089589,8,4.0,"[2022, 2022, 0, 2021, 2022]"
ds002218,Auditory and Visual Rhythm Omission EEG,1,8,1,0.7874200102686882,8,8.0,[2021]
ds004398,planmemreplay,1,7,1,0.5444067880511284,7,7.0,[2023]
ds004475,Mobile EEG split-belt walking study,2,7,2,0.7218254671990874,7,7.0,"[2023, 2024]"
ds003519,EEG: Visual Working Memory + Cabergoline Challenge,3,6,3,0.6463559063275656,6,4.0,"[2021, 2021, 0]"
ds004635,Gaffrey Lab Infant Microstates Reliability,3,6,3,0.6656693242986997,6,6.0,"[2024, 2023, 0]"
ds003922,Multisensory Correlation Detector,1,6,1,0.6923834663629532,6,6.0,[2022]
ds005048,40Hz Auditory Entrainment,3,6,3,0.6546998247504235,6,6.0,"[2024, 2025, 2025]"
ds004276,Auditory single word recognition in MEG,2,6,2,0.6113075995445252,6,6.0,"[2023, 2024]"
ds004388,Somatosensory evoked potentials in the human spinal cord to mixed nerve stimulation,4,6,4,0.6856414291262627,6,5.0,"[2024, 2024, 2024, 2022]"
ds003380,"Corticothalamic communication under analgesia, sedation and gradual ischemia: a multimodal model of controlled gradual cerebral ischemia in pig",2,5,2,0.814500857591629,5,3.0,"[2021, 0]"
ds004200,Temporal Scaling,1,5,1,0.6552751716971398,5,5.0,[2022]
ds003483,Logical reasoning study,3,5,3,0.6495984953641892,5,5.0,"[2021, 2021, 0]"
ds004067,Moral conviction and metacognitive ability shape multiple stages of information processing,1,5,1,0.7744711241126061,5,5.0,[2022]
ds003766,A resource for assessing dynamic binary choices in the adult brain using EEG and mouse-tracking,1,5,1,1.0,5,5.0,[2022]
ds003506,EEG: Reinforcement Learning in Parkinson's,4,5,4,0.7002170792967081,5,3.0,"[2024, 2024, 2024, 2021]"
ds004502,Anticipatory differences between Attention and Expectation,3,5,1,0.7031434088945389,3,3.0,[2022]
ds004505,Real World Table Tennis,5,5,3,0.725605231821537,2,2.0,"[2024, 2023, 2023]"
ds002908,Human MEG recordings during sequential conflict task,1,5,1,0.6677451834082604,5,5.0,[2022]
ds004771,EEG/ERP data from a Python Reading Task,4,5,4,0.6104674195498229,5,4.0,"[2024, 2023, 2025, 0]"
ds005307,Laser-evoked potentials in the human spinal cord and cortex,2,5,2,0.6099043308198453,5,5.0,"[2024, 2022]"
ds004389,Somatosensory evoked potentials in the human spinal cord to mixed and sensory nerve stimulation,3,5,3,0.6694530266523362,5,5.0,"[2024, 2024, 2022]"
ds004706,Spatial memory and non-invasive closed-loop stimulus timing,3,4,3,0.7336203435063363,4,3.0,"[2023, 2024, 2024]"
ds004574,Cross-modal Oddball Task.,1,4,1,0.6096203175187112,4,4.0,[2023]
ds004580,Simon-conflict Task.,1,4,1,0.640721202492714,4,4.0,[2023]
ds004186,HBN EO/EC task,9,4,9,0.5716058050427173,4,2.0,"[2024, 2025, 2025, 2024, 2024, 2025, 0, 2025, 0]"
ds004127,Somatosensory Cortex Rat DISC Data,1,4,1,0.5443753954768181,4,4.0,[2023]
ds004521,Changes in behavioral priority influence the accessibility of working memory content - Experiment 1,3,4,1,0.770403376221657,2,2.0,[2023]
ds004579,Interval Timing Task,1,4,1,0.5876958400011063,4,4.0,[2023]
ds004460,EEG and motion capture data set for a full-body/joystick rotation task,1,4,1,0.7671849489212038,4,4.0,[2024]
ds003810,Motor Imagery vs Rest - Low-Cost EEG System,2,4,2,0.8549809263646604,4,4.0,"[2023, 2022]"
ds004457,Electrical stimulation of temporal and limbic circuitry produces distinct responses in human ventral temporal cortex,3,4,2,0.8455432583391668,4,4.0,"[2023, 2024]"
ds003710,APPLESEED Example Dataset,1,4,1,0.869496790766716,4,4.0,[2022]
ds004295,Reward gain and punishment avoidance reversal learning,2,4,2,0.5242036716639996,4,4.0,"[2023, 0]"
ds004022,Multimodal EEG and fNIRS Biosignal Acquisition during Motor Imagery Tasks in Patients with Orthopedic Impairment,2,4,2,0.5939826504886151,4,4.0,"[2023, 2025]"
ds004520,"Changes in behavioral priority influence the accessibility of working memory content - Experiment 2
",3,4,1,0.7811010843515397,2,2.0,[2023]
ds005065,Heuristics in risky decision-making relate to preferential representation of information MEG data,2,4,1,0.7769410175085069,4,4.0,[2024]
ds004252,Rotation-tolerant representations elucidate the time course of high-level object processing,1,3,1,0.764593065083027,3,3.0,[2022]
ds004577,Dataset containing resting EEG for a sample of 103 normal infants in the first year of life,4,3,4,0.753927164003253,3,2.0,"[2024, 0, 0, 0]"
ds004011, The nature of neural object representations during dynamic occlusion,1,3,1,0.7959624391794206,3,3.0,[2022]
ds004514,Simultaneous EEG and fNIRS recordings for semantic decoding of imagined animals and tools,3,3,1,0.9202905955910684,0,0.0,[2025]
ds004642,Intraoperative recordings of medianus stimulation with low and high impedance ECoG,2,3,2,0.7052330115437508,3,3.0,"[2024, 2023]"
ds004944,Dataset of BCI2000-compatible intraoperative ECoG with neuromorphic encoding,1,3,1,0.9069292688369752,3,3.0,[2024]
ds004511,Deception_data,3,3,0,,0,,[]
ds003633, ForrestGump-MEG,1,3,1,0.8295916655659676,3,3.0,[2022]
ds004356,Subcortical responses to music and speech are alike while cortical responses diverge,2,3,2,0.8459689512848856,3,2.0,"[2022, 2024]"
ds004517,EEG recordings for semantic decoding of imagined animals and tools during auditory imagery task,3,3,1,0.8539227694272996,0,0.0,[2025]
ds004515,EEG: Alcohol imagery reinforcement learning task with light and heavy drinker participants,4,3,1,0.7039450898766518,1,1.0,[2023]
ds005340,Fundamental frequency predominantly drives talker differences in auditory brainstem responses to continuous speech,1,2,1,0.9582536494731904,2,2.0,[2024]
ds004696,HAPwave_bids,1,2,1,0.7242656546831132,2,2.0,[2023]
ds004381,Intraoperative EEG dataset during medianus-tibialis stimulation with 8 different rates,2,2,2,0.6891717168688776,2,2.0,"[2024, 2023]"
ds004117,Sternberg Working Memory,2,2,2,0.718981156051159,2,2.0,"[0, 2023]"
ds005545,Auditory naming,1,2,1,0.7924000704288483,2,2.0,[2025]
ds003887,Capacity for movement is an organisational principle in object representations: EEG data from Experiment 2,3,2,3,0.7062223016222319,2,2.0,"[0, 2022, 2023]"
ds003522,EEG: Three-Stim Auditory Oddball and Rest in Acute and Chronic TBI,5,2,5,0.7068779123425485,2,2.0,"[2024, 2024, 2024, 2024, 2021]"
ds004040,Trance channeling EEG study,2,2,2,0.5944968415796756,2,2.0,"[0, 2023]"
ds003800,Auditory Gamma Entrainment,4,2,4,0.8522432183474303,2,1.0,"[0, 2022, 2021, 2021]"
ds004660,TNO,2,2,0,,0,,[]
ds004519,Internal selective attention is delayed by competition between endogenous and exogenous factors,3,2,1,0.8426815429329872,0,0.0,[2023]
ds005486,PREDICT,1,2,1,0.4948105823993683,2,2.0,[2024]
ds003944,EEG: First Episode Psychosis vs. Control Resting Task 1,7,2,7,0.6595718926191331,2,2.0,"[2022, 2024, 2024, 2024, 2024, 2023, 2024]"
ds003885,Capacity for movement is an organisational principle in object representations: EEG data from Experiment 1,2,2,2,0.7447337213158609,2,2.0,"[0, 2022]"
ds004952,ChineseEEG: A Chinese Linguistic Corpora EEG Dataset for Semantic Alignment and Neural Decoding,2,2,2,0.9036723494529724,2,2.0,"[2024, 0]"
ds004551,"iEEG on children during slow wave sleep
",3,2,2,0.5249597422778607,2,1.0,"[2023, 2023]"
ds004369,Blink-Pause-Relation (Competing Speaker Paradigm),1,1,1,0.6187613394856454,1,1.0,[2022]
ds005692,SpinalExpect_NonInvasive,3,1,2,0.650366811901331,1,1.0,"[2025, 2025]"
ds004196,Bimodal dataset on Inner speech,1,1,1,0.9958055019378664,1,1.0,[2023]
ds004350,Executive Functionning Study for Assessing the Effect of Neurofeedback,2,1,2,0.4738243071734905,1,1.0,"[2024, 0]"
ds005089,Proactive selective attention across competition contexts,1,1,1,0.8218881618976593,1,1.0,[2024]
ds004019,Effect of obesity on arithmetic processing in preteens with high and low math skills. An event-related potentials study,1,1,1,0.8663047304749489,1,1.0,[2022]
ds004621,The Nencki-Symfonia EEG/ERP dataset,2,1,2,0.6256773094832897,1,1.0,"[2024, 2025]"
ds004840,"Dataset of electrophysiological signals (EEG, ECG, EMG) during Music therapy with adult burn patients in the Intensive Care Unit.",2,1,2,0.7315978467464448,1,1.0,"[2024, 0]"
ds004473,sEEG Forced Two-Choice Task,1,1,1,0.7442369771003724,1,1.0,[2023]
ds005234,Perception of vowel sounds in children with autism spectrum disorders and typically developing children (MEG/ERF study),4,1,4,0.8087111681699753,1,1.0,"[2025, 2024, 0, 2024]"
ds004657,Driving with Autonomous Aids,1,1,0,,0,,[]
ds004626,Can we dissociate hypervigilance to social threats from altered perceptual decision-making processes in lonely individuals? An exploration with Drift Diffusion Modelling and event-related potentials.,1,1,1,0.8866142114996911,1,1.0,[2023]
ds004752,"Dataset of intracranial EEG, scalp EEG and beamforming sources from epilepsy patients performing a verbal working memory task",4,1,4,0.7099165491014718,1,1.0,"[2024, 2024, 2024, 0]"
ds004980,EEG data set for a architectural affordances task,1,1,1,0.616513810157776,1,1.0,[2024]
ds004703,sEEG Passive listening to natural speech,2,1,2,0.501338482350111,1,1.0,"[2024, 2024]"
ds004977,CARLA: Adjusted common average referencing for cortico-cortical evoked potential data,2,1,2,0.7206575739383698,1,1.0,"[2024, 2024]"
ds005121,Siefert2024,1,1,1,0.7300263297557832,1,1.0,[2024]
ds002712,Numbers and Letters,1,1,1,0.5426916244626047,1,1.0,[2023]
ds005691,SpinalExpect_Invasive,2,1,2,0.6247619336843491,1,1.0,"[2025, 2025]"
ds003805,Multisensory Gamma Entrainment,3,1,3,0.7721832066774369,1,1.0,"[2022, 2021, 2021]"
ds005028,Comparing P300 Flashing paradigms in online typing with language models,1,1,1,0.8604601353406908,1,1.0,[2025]
ds004284,eeg-neuroforecasting,2,1,2,0.5330410017818212,1,1.0,"[2023, 0]"
ds005363,Object recognition in healthy aging (ORHA) - EEG,1,1,1,0.6246822130680084,1,1.0,[2024]
ds003816,The Effect of Buddhism Derived Loving Kindness Meditation on Modulating EEG: Long-term and Short-term Effect,2,1,2,0.8029120047390462,1,1.0,"[2023, 2025]"
ds002550,Differential brain mechanisms of selection and maintenance of information during working memory (MEG data),1,0,1,0.5893608856201173,0,0.0,[2025]
ds004444,The BMI-HDEEG dataset 1,1,0,1,0.8517005056142809,0,0.0,[2023]
ds004603,Visual Attribute-Specific Contextual Trajectory Paradigm,1,0,1,0.53043922662735,0,0.0,[2023]
ds004370,PRIOS,1,0,1,0.8295752120018006,0,0.0,[2024]
ds005815,"A Human EEG
Dataset for Multisensory Perception and Mental
Imagery",1,0,1,1.0,0,0.0,[2025]
ds005261,Gloups_MEG,1,0,1,0.8310597503185273,0,0.0,[2025]
ds005034,The effect of theta tACS on working memory,1,0,1,0.8567767399549485,0,0.0,[2024]
ds004315,"Mood Manipulation and PST, Experiment 1",1,0,1,0.5074394845962525,0,0.0,[2023]
ds005079,The Effects of Directed Therapeutic Intent on Live and Damaged Cells,1,0,1,0.7335196486115456,0,0.0,[2024]
ds005185,Ear-EEG Sleep Monitoring 2019 (EESM19),2,0,2,0.8409061086177827,0,0.0,"[2025, 0]"
ds005356,MEG: Major Depression & Probabilistic Learning Task,1,0,1,0.8239548397064209,0,0.0,[2024]
ds005343,Gaffrey Lab Infant Microstates and Attention,1,0,1,0.8470886197686196,0,0.0,[2024]
ds005415,Numbers,1,0,1,0.602075084745884,0,0.0,[2024]
ds003570,EEG: Improvisation and Musical Structures,1,0,1,0.70186030626297,0,0.0,[2021]
ds004012,BRAR_NQ,1,0,1,0.5166960945725442,0,0.0,[2024]
ds005624,Color Change Detection Task,1,0,1,0.5404000353813172,0,0.0,[2025]
ds005087,rapid-hemifield-object-eeg,1,0,1,0.6915473636984826,0,0.0,[2024]
ds004447,The BMI-HDEEG dataset 3,1,0,1,0.8419168996810914,0,0.0,[2023]
ds005398,Open iEEG Dataset,2,0,2,0.73973310649395,0,0.0,"[2025, 2024]"
ds005868,Flankers-FAR,1,0,1,0.6813953080773354,0,0.0,[2025]
ds005385,Resting-state EEG data before and after cognitive activity across the adult lifespan and a 5-year follow-up,2,0,2,0.7912684231996537,0,0.0,"[2024, 2025]"
ds004802,Pilot data for Loneliness in the Brain: Distinguishing Between Hypersensitivity and Hyperalertness,2,0,2,0.6234110482037067,0,0.0,"[0, 2024]"
ds004262,Continuous Feedback Processing,1,0,1,0.6313799840211869,0,0.0,[2023]
ds003708,Basis profile curve identification to understand electrical stimulation effects in human brain networks,1,0,1,0.8964493811130525,0,0.0,[2021]
ds004785,EEG data for paper titled - Precise cortical contributions to feedback sensorimotor control during reactive balance,1,0,1,0.7373783192038537,0,0.0,[2024]
ds005688,visStim,1,0,1,0.9016995137929916,0,0.0,[2025]
ds005511,Healthy Brain Network (HBN) EEG - Release 7,2,0,2,0.7381262507289649,0,0.0,"[2024, 2025]"
ds004770,iEEG on children during gameplay,2,0,2,0.5685381945222616,0,0.0,"[2023, 2024]"
ds005296,Sentence semantic and syntactic violations,1,0,1,0.5970685887336732,0,0.0,[2025]
ds005273,Neural representation of consciously seen and unseen information,1,0,1,0.9446365696191787,0,0.0,[2025]
ds005586,Electroencephalographic responses to the number of objects in partially occluded and uncovered scenes,2,0,1,0.8755850225687029,0,0.0,[2025]
ds005178,Ear-EEG Sleep Monitoring 2023 (EESM23),2,0,2,0.8906861621141435,0,0.0,"[2025, 0]"
ds003343,Disentangling the percepts of illusory movement and sensory stimulation during tendon vibration in the EEG,1,0,1,0.9739104205369952,0,0.0,[2021]
ds004107,MIND DATA,2,0,2,0.6665772901475431,0,0.0,"[2025, 2024]"
ds004483,ABSeqMEG,2,0,2,0.8956982311606407,0,0.0,"[2023, 2022]"
ds005571,Expectation of Conflict Stimuli ,1,0,1,0.6352796164155007,0,0.0,[2024]
ds004595,EEG: RL Task (3-Armed Bandit) with alcohol cues in hazardous drinkers and ctls,2,0,2,0.6195252877473831,0,0.0,"[0, 2023]"
ds005170,Chisco,1,0,1,0.7581493949890138,0,0.0,[2024]
ds005403,Delayed Auditory Feedback EEG/EGG,2,0,2,0.6052344616502523,0,0.0,"[2025, 2024]"
ds004738,sfb_meg_phantom (B04/C01),1,0,1,0.7856231984496117,0,0.0,[2023]
ds005594,Alphabetic Decision Task (Arial Light Font),1,0,1,0.4951208938658238,0,0.0,[2024]
ds005083,Safety and Accuracy of Stereoelectroencephalography for Pediatric Patients with Prior Craniotomy,1,0,1,0.9426569098234178,0,0.0,[2024]
ds005841,EEG Experiment measuring ERPs in VR,1,0,1,0.5808972823619843,0,0.0,[2025]
ds004348,Ear-EEG Sleep Monitoring 2017 (EESM17),2,0,2,0.8608636918663979,0,0.0,"[0, 2025]"
ds004587,IllusionGameEEG_data,1,0,0,,0,,[]
ds004256, Encoding of Sound Source Elevation in Human Cortex,1,0,1,0.4635261446237564,0,0.0,[0]
ds005106,200 Objects Infants EEG,1,0,1,0.8669321000576021,0,0.0,[2025]
ds005507,Healthy Brain Network (HBN) EEG - Release 3,1,0,1,0.9031203031539918,0,0.0,[2024]
ds005512,Healthy Brain Network (HBN) EEG - Release 8,2,0,1,0.900108956694603,0,0.0,[2024]
ds004951,Braille letters - EEG,1,0,1,0.6569674792885781,0,0.0,[2024]
ds005411,Free Recall of Word Lists with Repeated Items,1,0,1,0.6612489169836046,0,0.0,[2025]
ds005672,PerceiveImagine,3,0,0,,0,,[]
ds004147,Average Task Value,2,0,2,0.5908502429723741,0,0.0,"[2021, 2022]"
ds004152,Drum Trainer,2,0,2,0.5354588200896979,0,0.0,"[2023, 2024]"
ds004998,Exploring the electrophysiology of Parkinson's disease - magnetoencephalography combined with deep brain recordings from the subthalamic nucleus. ,1,0,1,0.8973290616273881,0,0.0,[2024]
ds006036,"A complementary dataset of open-eyes EEG recordings in a photo-stimulation setting from: Alzheimer's disease, Frontotemporal dementia and Healthy subjects",1,0,1,0.8403160160779954,0,0.0,[2025]
ds004598,LFP during linear track in 6-month old TgF344-AD rats,1,0,1,0.8574117511510849,0,0.0,[2023]
ds005931,Visuomotor_task,1,0,1,0.6099179962277413,0,0.0,[2025]
ds004572,The effects of sham hypnosis techniques,2,0,2,0.6840207530558109,0,0.0,"[2024, 2023]"
ds004166,"Effects of Forward and Backward Span Trainings on Working Memory: Evidence from a Randomized, Controlled Trial",1,0,1,0.6642878007888795,0,0.0,[2023]
ds005505,Healthy Brain Network (HBN) EEG - Release 1,1,0,1,0.9109048354625704,0,0.0,[2024]
ds005510,Healthy Brain Network (HBN) EEG - Release 6,1,0,1,0.906686802506447,0,0.0,[2024]
ds004408,"EEG responses to continuous naturalistic speech
",2,0,2,0.706380620598793,0,0.0,"[0, 0]"
ds005574,"The ""Podcast"" ECoG dataset",1,0,1,0.9807209569215776,0,0.0,[2025]
ds004995,The Time-Course of Food Representation in the Human Brain,1,0,1,0.7203126686811449,0,0.0,[2024]
ds003523,EEG: Visual Working Memory in Acute TBI,3,0,3,0.7797047343850138,0,0.0,"[2022, 2023, 2022]"
ds005397,Affordances of stairs,1,0,1,0.6615275949239731,0,0.0,[2025]
ds004448,The BMI-HDEEG dataset 4,1,0,1,0.8430550181865692,0,0.0,[2023]
ds004317,"Mood Manipulation and PST, Experiment 2",1,0,1,0.5139664551615716,0,0.0,[2023]
ds004367,ds004367,1,0,0,,0,,[]
ds005383,"TMNRED, A Chinese Language EEG Dataset for Fuzzy Semantic Target Identification in Natural Reading Environments",1,0,1,0.9925548559427264,0,0.0,[2025]
ds004860,Investigating the cognitive conflict triggered by moral judgment of accidental harm : an event-related potentials study,1,0,1,0.8788873699307442,0,0.0,[2023]
ds004784,"Phantom EEG Dataset with Motion, Muscle, and Eye Artifacts and Example Scripts",1,0,1,0.8276842224597932,0,0.0,[2023]
ds004279,"Large Spanish EEG
",2,0,2,0.7162661278247835,0,0.0,"[2023, 0]"
ds004024,"TMS-EEG-MRI-fMRI-DWI data on paired associative stimulation and connectivity (Shirley Ryan AbilityLab, Chicago, IL)",1,0,1,0.5488173414766789,0,0.0,[2023]
ds004819,"Flexible, Scalable, High Channel Count Stereo-Electrode for Recording in the Human Brain",1,0,1,0.9041415944695474,0,0.0,[2024]
ds005305,EEG Resting-state Microstates Correlates of Executive Functions,1,0,1,0.7038262367248536,0,0.0,[0]
ds005873,SeizeIT2,2,0,2,0.6735041624307633,0,0.0,"[2025, 2025]"
ds005866,Flankers-NEAR,1,0,1,0.6973863136768341,0,0.0,[2025]
ds004718,Le Petit Prince Hong Kong: Naturalistic fMRI and EEG dataset from older Cantonese speakers,1,0,1,0.9006265211105348,0,0.0,[2024]
ds004151,"Effect of obesity on inhibitory control in preadolescents during stop-signal 
task. An event-related potentials study",2,0,2,0.6953955012559891,0,0.0,"[2024, 2025]"
ds004446,The BMI-HDEEG dataset 2,1,0,1,0.8413561016321184,0,0.0,[2023]
ds006260,Dataset of psychophysiological data from children with learning difficulties who strengthen reading and math skills through assistive technology,1,0,1,0.8490027406811715,0,0.0,[2025]
ds004789,Delayed Free Recall of Word Lists,5,0,5,0.5552238253355027,0,0.0,"[2024, 0, 2024, 2025, 2024]"
ds005960,General Info: inst-comp-eeg,1,0,1,0.503950296342373,0,0.0,[2025]
ds004809,Categorized Free Recall: Delayed Free Recall of Word Lists Organized by Semantic Categories,3,0,3,0.5775423310200374,0,0.0,"[2024, 0, 2025]"
ds005169,Dataset of intracranial EEG during cortical stimulation evoking visual effects,1,0,1,0.8676830434799195,0,0.0,[2025]
ds004859,iEEG on children during Stroop task,1,0,1,0.5155322286486627,0,0.0,[2024]
ds005345,Le Petit Prince (LPP) Multi-talker: Naturalistic 7T fMRI and EEG Dataset,1,0,1,0.9389538252353667,0,0.0,[2025]
ds006065,TSS_iEEG,1,0,1,0.7134215167164804,0,0.0,[2025]
ds005410,Semantic_conditioning,1,0,1,0.7945742127299309,0,0.0,[2024]
ds005506,Healthy Brain Network (HBN) EEG - Release 2,2,0,2,0.7420675849914552,0,0.0,"[2025, 2024]"
ds005107,FACE-DEC,1,0,1,0.7184220921993256,0,0.0,[2024]
ds004017,Embodied Learning for Literacy EEG,1,0,1,0.6129800802469254,0,0.0,[2023]
ds005565,"Neural associations between fingerspelling, print, and signs: An ERP priming study with deaf readers",1,0,1,0.8403674125671388,0,0.0,[0]
ds005514,Healthy Brain Network (HBN) EEG - Release 9,1,0,1,0.9063971096277238,0,0.0,[2024]
ds004942,SpatialMemory,1,0,1,1.0,0,0.0,[2024]
ds005509,Healthy Brain Network (HBN) EEG - Release 5,2,0,2,0.7449333277344705,0,0.0,"[2025, 2024]"
ds005508,Healthy Brain Network (HBN) EEG - Release 4,1,0,1,0.902188370525837,0,0.0,[2024]
ds004075,what_are_we_talking_about,1,0,1,0.5412852922081948,0,0.0,[2024]
